other-empty	Wellenatlas	external	16
Atlas_(Begriffskl盲rung)	Wellenatlas	link	11
Seegang	Wellenatlas	link	177
other-empty	Majikat	external	10
other-search	Majikat	external	15
other-empty	Recode	external	20
other-search	Recode	external	26
other-empty	Walter_Hruby	external	13
other-search	Walter_Hruby	external	20
other-search	Karl-Heinz_Jantzen	external	10
other-empty	Silberfeld	external	10
other-search	Silberfeld	external	10
Aurora_(Colorado)	Penny_Flame	link	22
AVN_Award	Penny_Flame	link	95
Liste_der_Darstellerinnen_von_Women_Seeking_Women	Penny_Flame	link	18
Kink.com	Penny_Flame	link	85
other-external	Penny_Flame	external	15
Taryn_Thomas	Penny_Flame	link	11
other-empty	Penny_Flame	external	76
other-search	Penny_Flame	external	110
Brazzers	Penny_Flame	other	64
Jack鈥檚_Playground	Penny_Flame	link	28
Diary_of_a_Nanny	Penny_Flame	link	10
Tom_Byron	Penny_Flame	link	10
Girlvana	Penny_Flame	link	12
Spunk鈥檇_鈥揰The_Movie	Penny_Flame	link	25
Naughty_America	Penny_Flame	link	33
Throat:_A_Cautionary_Tale	Penny_Flame	link	16
Liste_von_weiblichen_Pornodarstellern	Penny_Flame	link	67
Charnell	Nadja_Benaissa	link	72
other-external	Nadja_Benaissa	external	23
other-empty	Nadja_Benaissa	external	912
other-search	Nadja_Benaissa	external	3401
Sandy_M枚lling	Nadja_Benaissa	link	10
Sisters_Keepers	Nadja_Benaissa	link	12
No_Angels	Nadja_Benaissa	link	3387
Popstars	Nadja_Benaissa	link	102
Contemporary_R&B	Nadja_Benaissa	link	14
other-internal	Nadja_Benaissa	external	65
Lucy_Diakovska	Nadja_Benaissa	link	170
Langen_(Hessen)	Nadja_Benaissa	link	12
other-empty	Hirschbach	external	34
other-search	Hirschbach	external	55
other-empty	Liste_der_Deutschen_Meister_im_Zweier-Kunstradfahren	external	215
other-search	Liste_der_Deutschen_Meister_im_Zweier-Kunstradfahren	external	53
Kunstradfahren	Liste_der_Deutschen_Meister_im_Zweier-Kunstradfahren	link	13
other-empty	Chad_Nehring	external	18
other-search	Chad_Nehring	external	93
D眉sseldorfer_EG	Chad_Nehring	link	13
other-empty	Eduard_H眉ttinger	external	10
other-search	Eduard_H眉ttinger	external	10
other-search	Schloss_Einersheim	external	21
other-empty	Knopfsonde	external	12
other-search	Knopfsonde	external	109
Mund-Antrum-Verbindung	Knopfsonde	link	18
Sonde_(Medizin)	Knopfsonde	link	12
other-empty	Das_andere_Gymnasium_Neubrandenburg	external	12
other-search	Das_andere_Gymnasium_Neubrandenburg	external	46
Neubrandenburg	Das_andere_Gymnasium_Neubrandenburg	link	73
other-empty	Rajon_Dub膬sari	external	12
Transnistrien	Rajon_Dub膬sari	link	19
other-empty	POW	external	73
other-search	POW	external	344
POV	POW	link	36
other-empty	Florid	external	47
other-search	Florid	external	123
Morbus_Basedow	Florid	link	12
other-empty	Lamar_Joseph_Conner	external	12
Trevor_Donald_Brewer	Lamar_Joseph_Conner	link	25
Mordanschlag_am_Frankfurter_Flughafen_am_2._M盲rz_2011	Lamar_Joseph_Conner	link	30
other-empty	NGC_6847	external	14
other-empty	Verwaltungsgemeinschaft_Falkenstein_(Oberpfalz)	external	22
other-empty	Dietleib	external	14
other-search	Dietleib	external	17
K枚nig_Laurins_Rosengarten	Dietleib	link	11
Siegfried_der_Drachent枚ter	Dietleib	link	14
other-empty	Liste_der_Museen_in_Schweinfurt	external	18
other-search	Liste_der_Museen_in_Schweinfurt	external	86
other-empty	Bleiche_Schwertlilie	external	14
other-search	Bleiche_Schwertlilie	external	50
Lilie_(Heraldik)	Bleiche_Schwertlilie	link	20
Massai	Kikuyu_(Ethnie)	link	37
other-empty	Kikuyu_(Ethnie)	external	155
other-search	Kikuyu_(Ethnie)	external	244
Karen_Blixen	Kikuyu_(Ethnie)	link	49
Kikuyu	Kikuyu_(Ethnie)	link	12
Ausbreitung_des_Menschen	Kikuyu_(Ethnie)	link	15
Mau-Mau-Krieg	Kikuyu_(Ethnie)	link	27
Louis_Leakey	Kikuyu_(Ethnie)	link	11
Uhuru_Kenyatta	Kikuyu_(Ethnie)	link	14
Kenia	Kikuyu_(Ethnie)	link	73
Stefanie_Zweig	Kikuyu_(Ethnie)	link	10
Gefahrgut	Gefahrstoffrecht	link	12
other-empty	Gefahrstoffrecht	external	40
other-search	Gefahrstoffrecht	external	97
Gefahrstoff	Gefahrstoffrecht	link	12
other-empty	Safia_Monney	external	44
other-search	Safia_Monney	external	25
Hinter_Gittern/Staffel_16	Safia_Monney	link	62
Liste_bekannter_Darsteller_des_deutschsprachigen_Films	Safia_Monney	link	16
Hinter_Gittern_鈥揰Der_Frauenknast	Safia_Monney	link	10
other-empty	Klymene_(Okeanide)	external	27
other-search	Klymene_(Okeanide)	external	58
Phaethon_(Mythologie)	Klymene_(Okeanide)	link	18
Heliaden	Klymene_(Okeanide)	link	10
Titan_(Mythologie)	Klymene_(Okeanide)	link	33
Helios	Klymene_(Okeanide)	link	64
other-empty	Phytomedicine	external	15
other-search	Phytomedicine	external	12
other-empty	Umrechnung_zwischen_julianischem_und_gregorianischem_Kalender	external	44
other-search	Umrechnung_zwischen_julianischem_und_gregorianischem_Kalender	external	225
Julianischer_Kalender	Umrechnung_zwischen_julianischem_und_gregorianischem_Kalender	link	101
other-empty	Lennard_Sowah	external	17
other-search	Lennard_Sowah	external	13
other-empty	Alan_May	external	23
other-search	Poster_Boy	external	15
Lino_Ventura	Mein_Onkel,_der_Gangster	link	18
other-empty	Mein_Onkel,_der_Gangster	external	18
other-search	Mein_Onkel,_der_Gangster	external	55
other-internal	Mein_Onkel,_der_Gangster	external	19
other-empty	Doppellonge	external	15
other-search	Doppellonge	external	35
other-empty	Bronn_(Pegnitz)	external	19
other-search	Bronn_(Pegnitz)	external	24
Aaglander	Bronn_(Pegnitz)	link	10
Pegnitz_(Stadt)	Bronn_(Pegnitz)	link	10
other-empty	Wang_Yani	external	13
other-search	Wang_Yani	external	19
Port_Charlotte_(Schottland)	Bruichladdich_(Whiskybrennerei)	link	12
other-empty	Bruichladdich_(Whiskybrennerei)	external	130
other-search	Bruichladdich_(Whiskybrennerei)	external	456
Octomore	Bruichladdich_(Whiskybrennerei)	link	10
Islay	Bruichladdich_(Whiskybrennerei)	link	92
R茅my_Cointreau	Bruichladdich_(Whiskybrennerei)	link	22
other-internal	Bruichladdich_(Whiskybrennerei)	external	17
Liste_der_schottischen_Brennereien	Bruichladdich_(Whiskybrennerei)	link	40
Bruichladdich	Bruichladdich_(Whiskybrennerei)	link	15
Whisky	Bruichladdich_(Whiskybrennerei)	link	23
X-Men_(Filmreihe)	Wolverine:_Weg_des_Kriegers	link	554
X-Men:_Zukunft_ist_Vergangenheit	Wolverine:_Weg_des_Kriegers	link	570
Swetlana_Wiktorowna_Chodtschenkowa	Wolverine:_Weg_des_Kriegers	link	21
Marvel_Studios	Wolverine:_Weg_des_Kriegers	link	20
Figuren_aus_dem_Marvel-Universum	Wolverine:_Weg_des_Kriegers	link	12
other-external	Wolverine:_Weg_des_Kriegers	external	20
other-empty	Wolverine:_Weg_des_Kriegers	external	573
other-search	Wolverine:_Weg_des_Kriegers	external	1431
Wolverine	Wolverine:_Weg_des_Kriegers	link	129
X-Men:_Erste_Entscheidung	Wolverine:_Weg_des_Kriegers	link	1209
Tao_Okamoto	Wolverine:_Weg_des_Kriegers	link	20
Ian_McKellen	Wolverine:_Weg_des_Kriegers	link	23
other-internal	Wolverine:_Weg_des_Kriegers	external	59
Logan_鈥揰The_Wolverine	Wolverine:_Weg_des_Kriegers	link	86
X-Men_Origins:_Wolverine	Wolverine:_Weg_des_Kriegers	link	180
Hugh_Jackman	Wolverine:_Weg_des_Kriegers	link	113
Famke_Janssen	Wolverine:_Weg_des_Kriegers	link	43
Wolverine_(Comicfigur)	Wolverine:_Weg_des_Kriegers	link	44
Rila_Fukushima	Wolverine:_Weg_des_Kriegers	link	20
Hiroyuki_Sanada	Wolverine:_Weg_des_Kriegers	link	49
James_Mangold	Wolverine:_Weg_des_Kriegers	link	24
Will_Yun_Lee	Wolverine:_Weg_des_Kriegers	link	22
other-empty	Der_B盲renh盲uter	external	45
Grimms_M盲rchen	Der_B盲renh盲uter	link	13
other-search	Der_B盲renh盲uter	external	92
Pferdefu脽	Der_B盲renh盲uter	link	11
Nibelungenlied	Der_B盲renh盲uter	link	18
Rapunzel	Der_B盲renh盲uter	link	10
Der_Prinz_im_B盲renfell	Der_B盲renh盲uter	link	15
other-external	Liste_der_Stolpersteine_in_Vlotho	external	29
other-empty	Liste_der_Stolpersteine_in_Vlotho	external	14
other-external	Lavar枚hre	external	66
other-empty	Lavar枚hre	external	76
H枚hle	Lavar枚hre	link	26
other-search	Lavar枚hre	external	191
脛tna	Lavar枚hre	link	22
other-internal	Lavar枚hre	external	16
Lava	Lavar枚hre	link	12
Mondkolonisation	Lavar枚hre	link	12
other-empty	Carl_Klinkhammer	external	16
other-search	Carl_Klinkhammer	external	21
Bunkerkirche_Sankt_Sakrament_(D眉sseldorf)	Carl_Klinkhammer	link	13
other-empty	Rooftop_Clique	external	11
other-search	Flughafen_Chileka	external	20
other-empty	Axel-Johnson-Klasse	external	14
other-empty	Hans-Joachim_Helwig-Wilson	external	18
Ministerium_f眉r_Staatssicherheit	Hans-Joachim_Helwig-Wilson	link	11
other-empty	Ant么nio_Carlos_Diniz_de_Andrada	external	14
other-empty	Justo_Jos茅_de_Urquiza	external	29
other-search	Justo_Jos茅_de_Urquiza	external	15
Liste_der_Pr盲sidenten_von_Argentinien	Justo_Jos茅_de_Urquiza	link	10
M谩xima_der_Niederlande	Justo_Jos茅_de_Urquiza	link	15
Juan_Manuel_de_Rosas	Justo_Jos茅_de_Urquiza	link	14
Rothenburg_ob_der_Tauber	Abwurfdach	link	20
other-empty	Steppen-Bei脽schrecke	external	16
Langf眉hlerschrecken	Steppen-Bei脽schrecke	link	15
Operation_Auguststurm	Afanassi_Pawlantjewitsch_Beloborodow	link	14
other-empty	Afanassi_Pawlantjewitsch_Beloborodow	external	16
Schlacht_um_K枚nigsberg	Afanassi_Pawlantjewitsch_Beloborodow	link	14
other-empty	Carl_Junker_(Architekt)	external	18
other-search	Carl_Junker_(Architekt)	external	11
Schloss_Miramare	Carl_Junker_(Architekt)	link	67
Algerische_Fu脽ballnationalmannschaft	Afrika-Cup_2019	link	60
Nicolas_P茅p茅	Afrika-Cup_2019	link	11
other-external	Afrika-Cup_2019	external	22
other-empty	Afrika-Cup_2019	external	419
other-search	Afrika-Cup_2019	external	1506
Isma毛l_Bennacer	Afrika-Cup_2019	link	14
Madagassische_Fu脽ballnationalmannschaft	Afrika-Cup_2019	link	11
other-internal	Afrika-Cup_2019	external	42
Afrika-Cup	Afrika-Cup_2019	link	252
Sadio_Man茅	Afrika-Cup_2019	link	20
Afrika-Cup_2017	Afrika-Cup_2019	link	16
Ramy_Bensebaini	Afrika-Cup_2019	link	13
Sportjahr_2019	Afrika-Cup_2019	link	12
other-empty	Lilla_Edet	external	13
other-search	Lilla_Edet	external	37
other-empty	Pityopus_californicus	external	29
T-72	Armbrust_(Panzerabwehrwaffe)	link	182
other-empty	Armbrust_(Panzerabwehrwaffe)	external	71
other-search	Armbrust_(Panzerabwehrwaffe)	external	28
Reaktive_Panzerb眉chse	Armbrust_(Panzerabwehrwaffe)	link	210
Nationalgarde_(Kroatien)	Armbrust_(Panzerabwehrwaffe)	link	31
Messerschmitt-B枚lkow-Blohm	Armbrust_(Panzerabwehrwaffe)	link	44
other-internal	Armbrust_(Panzerabwehrwaffe)	external	48
R眉cksto脽freies_Gesch眉tz	Armbrust_(Panzerabwehrwaffe)	link	125
Armbrust_(Begriffskl盲rung)	Armbrust_(Panzerabwehrwaffe)	link	12
Matador_(Panzerabwehrwaffe)	Armbrust_(Panzerabwehrwaffe)	link	37
Harald_Lesch	Rudolf_von_Bennigsen-Foerder	link	12
VEBA	Rudolf_von_Bennigsen-Foerder	link	46
other-empty	Rudolf_von_Bennigsen-Foerder	external	49
other-search	Rudolf_von_Bennigsen-Foerder	external	141
Wiederaufarbeitungsanlage_Wackersdorf	Rudolf_von_Bennigsen-Foerder	link	13
Bennigsen_(Adelsgeschlecht)	Rudolf_von_Bennigsen-Foerder	link	20
other-empty	Andreas_Heller_(Theologe)	external	12
other-search	Andreas_Heller_(Theologe)	external	39
other-empty	Mailly-Champagne	external	17
other-search	Mailly-Champagne	external	14
other-empty	Georg_Christoph_von_Schallenberg	external	10
other-empty	Nikolai_Semjonowitsch_Nadiraschwili	external	15
other-search	Nikolai_Semjonowitsch_Nadiraschwili	external	12
other-search	Calv茅	external	27
other-search	Mehdi_Hetemaj	external	16
other-search	Olympische_Winterspiele_1984/Rennrodeln	external	10
Olympische_Winterspiele_1984	Olympische_Winterspiele_1984/Rennrodeln	link	21
other-external	Christian_Gaebler	external	10
Senat_M眉ller_II	Christian_Gaebler	link	19
other-empty	Christian_Gaebler	external	91
other-search	Christian_Gaebler	external	176
Senatskanzlei_(Berlin)	Christian_Gaebler	link	37
Sawsan_Chebli	Christian_Gaebler	link	49
other-search	Minyer	external	12
Pelasger	Minyer	link	15
other-empty	Sauerwiese	external	12
Lackporlinge	Kupferroter_Lackporling	link	28
other-search	Kupferroter_Lackporling	external	18
other-empty	Louviers	external	26
other-search	Louviers	external	47
Louis-Nicolas_Davout	Louviers	link	15
other-empty	Boada_de_Campos	external	17
other-empty	Thomas_von_Erfurt	external	18
other-search	Thomas_von_Erfurt	external	24
other-empty	Nomokratie	external	17
other-search	Nomokratie	external	37
Liste_der_Herrschaftsformen	Nomokratie	link	20
other-empty	Orfe贸_Catal脿	external	57
other-search	Orfe贸_Catal脿	external	19
other-empty	Arkenberge	external	284
other-search	Arkenberge	external	389
Liste_von_Erhebungen_in_Berlin	Arkenberge	link	171
Berlin	Arkenberge	link	31
other-internal	Arkenberge	external	10
Liste_der_h枚chsten_Berge_der_deutschen_L盲nder	Arkenberge	link	104
Bezirk_Pankow	Arkenberge	link	19
Teufelsberg	Arkenberge	link	354
Grunewald_(Forst)	Arkenberge	link	17
other-empty	Overton	external	11
other-search	Overton	external	10
Desertec	Nevada_Solar_One	link	22
other-empty	Nevada_Solar_One	external	17
other-search	Nevada_Solar_One	external	62
K眉hlturm	Nevada_Solar_One	link	12
Boulder_City	Nevada_Solar_One	link	39
Sonnenw盲rmekraftwerk	Nevada_Solar_One	link	20
other-empty	Karlsruher_Stra脽e_60_(D眉hren)	external	10
other-empty	U-Bahn_Isfahan	external	17
other-search	U-Bahn_Isfahan	external	28
Schienenverkehr_im_Iran	U-Bahn_Isfahan	link	11
Liste_der_St盲dte_mit_U-Bahnen	U-Bahn_Isfahan	link	22
Hurtigruten_AS	Roald_Amundsen_(Schiff,_2019)	link	78
other-empty	Roald_Amundsen_(Schiff,_2019)	external	110
other-search	Roald_Amundsen_(Schiff,_2019)	external	841
other-internal	Roald_Amundsen_(Schiff,_2019)	external	29
Amundsen_(Begriffskl盲rung)	Roald_Amundsen_(Schiff,_2019)	link	14
Hurtigruten	Roald_Amundsen_(Schiff,_2019)	link	169
Kleven_Verft	Roald_Amundsen_(Schiff,_2019)	link	16
Liste_von_Kreuzfahrtschiffen	Roald_Amundsen_(Schiff,_2019)	link	22
Fridtjof_Nansen_(Schiff,_2020)	Roald_Amundsen_(Schiff,_2019)	link	24
Robert_I._(Schottland)	Aymer_de_Valence,_2._Earl_of_Pembroke	link	85
Schlacht_bei_Loudoun_Hill	Aymer_de_Valence,_2._Earl_of_Pembroke	link	104
other-empty	Aymer_de_Valence,_2._Earl_of_Pembroke	external	45
other-search	Aymer_de_Valence,_2._Earl_of_Pembroke	external	16
William_de_Valence,_1._Earl_of_Pembroke	Aymer_de_Valence,_2._Earl_of_Pembroke	link	14
Schlacht_bei_Methven	Aymer_de_Valence,_2._Earl_of_Pembroke	link	21
Outlaw_King	Aymer_de_Valence,_2._Earl_of_Pembroke	link	42
other-empty	Berlin_lebt	external	190
other-search	Berlin_lebt	external	382
Capital_Bra	Berlin_lebt	link	863
Ufo361/Diskografie	Berlin_lebt	link	16
Samra_(Rapper)	Berlin_lebt	link	285
other-internal	Berlin_lebt	external	42
Capital_Bra/Diskografie	Berlin_lebt	link	112
5_Songs_in_einer_Nacht	Berlin_lebt	link	13
Dynamisches_Mikrofon	Mikrofon	link	10
Richtcharakteristik	Mikrofon	link	15
other-external	Mikrofon	external	46
Mikro	Mikrofon	link	18
other-empty	Mikrofon	external	868
other-search	Mikrofon	external	2010
XLR	Mikrofon	link	12
Klinkenstecker	Mikrofon	link	17
Kondensatormikrofon	Mikrofon	link	42
Woodstock-Festival	Mikrofon	link	13
Headset	Mikrofon	link	10
Big_Brother_(Fernsehshow)	Mikrofon	link	17
other-internal	Mikrofon	external	164
Symmetrische_Signal眉bertragung	Mikrofon	link	11
Telefon	Mikrofon	link	10
Tontechnik	Mikrofon	link	10
Peter_Scholl-Latour	Sadegh_Tabatabai	link	109
other-empty	Sadegh_Tabatabai	external	57
other-search	Sadegh_Tabatabai	external	64
Ahmad_Chomeini	Sadegh_Tabatabai	link	19
Ruhr-Universit盲t_Bochum	Sadegh_Tabatabai	link	26
Musa_as-Sadr	Sadegh_Tabatabai	link	53
other-empty	Graues_Fingerkraut	external	15
other-search	Graues_Fingerkraut	external	11
other-search	脺berdosisNichts	external	10
other-search	Rautenkranz	external	18
Das_Phantom_der_Oper_(Musical)	Gaston_Leroux	link	11
Das_Phantom_der_Oper_(2004)	Gaston_Leroux	link	17
other-empty	Gaston_Leroux	external	74
other-search	Gaston_Leroux	external	110
Das_Phantom_der_Oper	Gaston_Leroux	link	77
other-internal	Gaston_Leroux	external	12
Georges_Simenon	Gaston_Leroux	link	11
other-empty	Der_Fall_Rohrbach	external	15
other-search	Der_Fall_Rohrbach	external	29
Reichskleinodien	Burg_Krautheim	link	20
other-empty	Burg_Krautheim	external	26
other-search	Burg_Krautheim	external	110
Hohenlohe	Burg_Krautheim	link	25
other-empty	Burg_Vilbel	external	27
other-search	Burg_Vilbel	external	155
Bad_Vilbel	Burg_Vilbel	link	14
Burgfestspiele_Bad_Vilbel	Burg_Vilbel	link	10
other-empty	Lunalilo	external	23
Lili驶uokalani	Lunalilo	link	59
Kamehameha_V.	Lunalilo	link	41
Hawaii	Lunalilo	other	44
Kal膩kaua	Lunalilo	link	21
Honolulu	Lunalilo	link	33
Liste_der_K枚nige_von_Hawaii	Lunalilo	link	41
other-empty	Nicola_Mastroberardino	external	12
other-search	Nicola_Mastroberardino	external	44
Seitentriebe	Nicola_Mastroberardino	link	11
Lleida	Universit盲t_Lleida	link	12
Liste_der_盲ltesten_Universit盲ten	Universit盲t_Lleida	link	16
other-empty	Universit盲t_Lleida	external	18
other-search	Universit盲t_Lleida	external	19
Fugger_von_der_Lilie	Fugger	link	17
Graben_(Lechfeld)	Fugger	link	53
Augsburg	Fugger	link	179
Ferdinand_Magellan	Fugger	link	17
Jakob_Fugger	Fugger	link	220
Renaissance	Fugger	link	24
other-external	Fugger	external	108
other-empty	Fugger	external	1660
Fugger_vom_Reh	Fugger	link	22
Reformation	Fugger	link	16
other-search	Fugger	external	5416
Babenhausen_(Schwaben)	Fugger	link	16
Hanse	Fugger	link	24
Anton_Fugger	Fugger	link	42
Welser	Fugger	link	29
Mediatisierung	Fugger	link	15
Gilde_(Berufsverband)	Fugger	link	22
Deutscher_Adel	Fugger	link	46
Hochfinanz	Fugger	link	19
Robert_Fl眉gger	Fugger	other	11
Est!_Est!!_Est!!!	Fugger	link	14
Garmisch-Partenkirchen	Fugger	link	11
Medici	Fugger	other	23
Buchf眉hrung	Fugger	link	11
Paracelsus	Fugger	link	25
Fuggerh盲user	Fugger	link	33
Schloss_Wellenburg	Fugger	link	14
other-internal	Fugger	external	154
Schwaz	Fugger	link	14
Kunststoff	Fugger	link	12
Fugger_(Begriffskl盲rung)	Fugger	link	22
Faktorei	Fugger	link	12
Hans_Fugger	Fugger	link	16
Fuggerei	Fugger	link	106
Fuggerstadt	Fugger	link	145
Martin_Luther	Fugger	link	18
Lilie_(Heraldik)	Fugger	link	16
Geschichte_Bad_Gr枚nenbachs	Fugger	link	114
Fugger-Babenhausen	Fugger	link	24
Die_Fugger_II	Fugger	link	30
Otto_Heinrich_Fugger	Fugger	link	16
F眉rst_Fugger_Privatbank	Fugger	link	37
Gaskammer_(Todesstrafe)	Theodore_McKeldin	link	10
other-empty	Theodore_McKeldin	external	11
other-empty	Faustovirus	external	13
other-empty	Anne_Brasseur	external	26
other-search	Anne_Brasseur	external	14
6._Armee_(Wehrmacht)	389._Infanterie-Division_(Wehrmacht)	link	34
other-empty	389._Infanterie-Division_(Wehrmacht)	external	50
other-search	389._Infanterie-Division_(Wehrmacht)	external	69
Liste_von_Infanteriedivisionen	389._Infanterie-Division_(Wehrmacht)	link	11
Schlacht_von_Stalingrad	389._Infanterie-Division_(Wehrmacht)	link	28
Unternehmen_Hubertus	389._Infanterie-Division_(Wehrmacht)	link	18
other-internal	389._Infanterie-Division_(Wehrmacht)	external	39
Dnepr-Karpaten-Operation	389._Infanterie-Division_(Wehrmacht)	link	10
Kesselschlacht_bei_Kalatsch	389._Infanterie-Division_(Wehrmacht)	link	13
Walter_Hahm	389._Infanterie-Division_(Wehrmacht)	link	12
other-empty	Polytechnische_Gesellschaft	external	41
other-search	Polytechnische_Gesellschaft	external	42
Frankfurter_Sparkasse	Polytechnische_Gesellschaft	link	11
other-empty	Blanco_Professional_Gruppe	external	28
other-search	Blanco_Professional_Gruppe	external	35
Blanco_(Oberderdingen)	Blanco_Professional_Gruppe	link	18
other-empty	Rettungsdienstrecht	external	33
other-search	Rettungsdienstrecht	external	91
Rettungsdienst	Rettungsdienstrecht	link	103
Ausnahmezustand_(Feuerwehr)	Rettungsdienstrecht	link	18
other-empty	Das_Schwarze_Auge:_Herokon_Online	external	19
other-search	Das_Schwarze_Auge:_Herokon_Online	external	63
Das_Schwarze_Auge	Das_Schwarze_Auge:_Herokon_Online	link	12
Das_Schwarze_Auge_(Spieleserie)	Das_Schwarze_Auge:_Herokon_Online	link	29
Farbratte	Neophobie	link	51
other-empty	Neophobie	external	180
other-search	Neophobie	external	855
Liste_von_Phobien	Neophobie	link	82
Neophilie	Neophobie	link	11
Neugier	Neophobie	link	11
other-external	Klien-Lindner-Hohlachse	external	17
other-empty	Klien-Lindner-Hohlachse	external	33
other-search	Klien-Lindner-Hohlachse	external	17
Dampflokomotive_(Bauart)	Klien-Lindner-Hohlachse	link	12
other-empty	Castello_Estense	external	70
other-search	Castello_Estense	external	186
Este_(Adelsgeschlecht)	Castello_Estense	link	25
Ferrara	Castello_Estense	link	127
other-empty	Hagnauer_Museum	external	18
other-empty	Thomas_B眉hrke	external	15
other-empty	Adolf_Kajpr	external	29
other-search	Adolf_Kajpr	external	12
other-empty	Kristian_Kostow	external	43
other-search	Kristian_Kostow	external	153
Eurovision_Song_Contest_2017	Kristian_Kostow	link	13
other-internal	Kristian_Kostow	external	21
Bulgarien_beim_Eurovision_Song_Contest	Kristian_Kostow	link	10
Liste_der_50_erfolgreichsten_Beitr盲ge_beim_Eurovision_Song_Contest	Kristian_Kostow	link	11
other-search	Isaac_Sackey	external	10
other-empty	Heinrich_Schreiber_(Historiker)	external	26
other-search	Heinrich_Schreiber_(Historiker)	external	23
Liste_von_Flugunf盲llen_1991_bis_2000	LADE-Flug_5025	link	20
other-empty	LADE-Flug_5025	external	16
other-empty	Ramin_Yazdani	external	58
other-search	Ramin_Yazdani	external	45
F眉nf_Freunde_4	Ramin_Yazdani	link	55
Der_Medicus_(Film)	Ramin_Yazdani	link	240
Gro脽stadtrevier	Ramin_Yazdani	link	10
Kr眉ger_aus_Almanya	Ramin_Yazdani	link	11
Hallo,_Onkel_Doc!	Ramin_Yazdani	link	53
Zimtstern_und_Halbmond	Ramin_Yazdani	link	23
other-empty	Massimo_Cannizzaro	external	31
other-search	Massimo_Cannizzaro	external	66
Pr盲sidentschaftswahl_in_Indonesien_2019	Joko_Widodo	link	15
Jakarta	Joko_Widodo	link	34
Demokratische_Partei_des_Kampfes_Indonesiens	Joko_Widodo	link	14
other-external	Joko_Widodo	external	19
other-empty	Joko_Widodo	external	277
other-search	Joko_Widodo	external	594
Susilo_Bambang_Yudhoyono	Joko_Widodo	link	20
Liste_der_Pr盲sidenten_von_Indonesien	Joko_Widodo	link	64
other-internal	Joko_Widodo	external	40
Prabowo_Subianto	Joko_Widodo	link	10
Garuda-Wisnu-Kencana-Statue	Joko_Widodo	link	11
G20-Gipfel_in_Hamburg_2017	Joko_Widodo	link	23
The_World鈥檚_Most_Powerful_People	Joko_Widodo	link	30
Indonesien	Joko_Widodo	link	1110
other-empty	Einar_Naumann	external	10
other-empty	Tudor-Queen-Typ	external	12
other-empty	Matthias_Kurth	external	27
other-search	Matthias_Kurth	external	34
Bundesnetzagentur	Matthias_Kurth	link	29
other-empty	Gr眉ndelsloch	external	17
other-search	Gr眉ndelsloch	external	80
other-empty	B谩nk_b谩n_(Oper)	external	34